"Reference","Value","JLPCB#","Footprint","Datasheet"
"A1","Combo384-Combo384","HAND","MyLibrary:Combo384",""
"C1,C2,C3,C29,C37,C74,C78,C80,C82,C84,C88,C90,C93,C94,C97,C100,C103,C106,C108,C111,C113,C114,C115,C116,C117,C119,C120,C121,C122,C123,C124,C125,C126,C127,C129,C130,C134,C135,C139,C140,C141,C152,C164","0.1uF/50V","C14663","Capacitor_SMD:C_0603_1608Metric","~"
"C4,C17,C18,C34,C35,C36,C40,C42,C46,C48,C53,C60,C61,C62,C65,C66,C67,C161,C162","0.1uF/100V","C28233","Capacitor_SMD:C_0805_2012Metric","~"
"C5,C16,C19,C28,C30,C55,C56,C57,C58,C72,C73,C98,C101,C118,C159","10uF/50V","C440198","Capacitor_SMD:C_0805_2012Metric","~"
"C6,C7,C63,C64,C77,C83,C89,C92,C95,C99,C102,C105,C107,C110,C112","1uF","C15849","Capacitor_SMD:C_0603_1608Metric","~"
"C8,C9,C10,C157","1uF","C52923","Capacitor_SMD:C_0402_1005Metric","~"
"C11,C12,C13,C14,C15,C174,C175,C176,C177","2.2uF/50V","C377773","Capacitor_SMD:C_0805_2012Metric","~"
"C20,C21,C22,C23,C166,C167,C168,C169","1.0uF/50V","HAND","Capacitor_THT:C_Rect_L7.2mm_W7.2mm_P5.00mm_FKS2_FKP2_MKS2_MKP2","~"
"C24,C25,C26,C27,C86,C170,C171,C172,C173","1nF/50V(C0G)","C76625","Capacitor_SMD:C_0805_2012Metric","~"
"C31,C131,C132,C136,C137","10uF/16V,22uF/16V","HAND","Capacitor_THT:CP_Radial_D5.0mm_P2.00mm","~"
"C32,C33,C59,C68,C69","1uF/50V","C28323","Capacitor_SMD:C_0805_2012Metric","~"
"C38","220uF/25V","HAND","Capacitor_THT:CP_Radial_D7.5mm_P2.50mm","~"
"C39,C41,C43,C44,C45,C47,C50,C52","470uF/25V_OS","HAND","Capacitor_THT:CP_Radial_D10.0mm_P5.00mm_P7.50mm","~"
"C49,C51,C75,C163","22uF/6.3V","C45783","Capacitor_SMD:C_0805_2012Metric","~"
"C54,C81","10nF","C57112","Capacitor_SMD:C_0603_1608Metric","~"
"C70","NOP","NOP","Capacitor_SMD:C_0603_1608Metric","~"
"C71,C76,C165","220uF/6.3V,330uF/16V","HAND","Capacitor_THT:CP_Radial_D10.0mm_P2.50mm_P5.00mm","~"
"C79","NOP","C14663","Capacitor_SMD:C_0603_1608Metric","~"
"C85,C87,C128,C133,C138,C142,C158","10uF","C96446","Capacitor_SMD:C_0603_1608Metric","~"
"C91","4700pF","C1744","Capacitor_SMD:C_0805_2012Metric","~"
"C96","150pF","C1716","Capacitor_SMD:C_0805_2012Metric","~"
"C104","NOP","NOP","Capacitor_SMD:C_0603_1608Metric","~"
"C109","2.2pF","C46219","Resistor_SMD:R_0603_1608Metric","~"
"C143,C144,C145,C146","22pF(C0G)","C1804","Capacitor_SMD:C_0805_2012Metric",""
"C147,C153","100uF/16V_OS","HAND","Capacitor_THT:CP_Radial_D5.0mm_P2.50mm","~"
"C148,C149,C150,C160","1500pF(C0G)","C1717","Capacitor_SMD:C_0805_2012Metric",""
"C151,C154,C155,C156","0.1uF","C307331","Capacitor_SMD:C_0402_1005Metric",""
"D1,D2,D4,D20,D22,D23,D24,D25,D30,D32","1N4148W","C81598 ","Diode_SMD:D_SOD-123","~"
"D3","LED_ABGR","C264517","MyLED:LED_0603_ABGR","~"
"D5","SS54(5A)","C22452","fdsp_diode:SMA","http://akizukidenshi.com/download/ds/panjit/SK52_SERIES_141003_REV_04.pdf"
"D6,D13,D14,D15,D16","B5819W SL","C8598","Diode_SMD:D_SOD-123","http://www.vishay.com/docs/85660/bat42.pdf,~"
"D7,D8,D9,D10","SS54(5A)","C22452","Diode_SMD:D_SMA","~"
"D11,D17","LED_GRN","C12624","LED_SMD:LED_0603_1608Metric_Pad1.05x0.95mm_HandSolder",""
"D12","LED_BLU","C2297","LED_SMD:LED_0603_1608Metric_Pad1.05x0.95mm_HandSolder",""
"D18,D31","LED_RED","C2286","LED_SMD:LED_0603_1608Metric_Pad1.05x0.95mm_HandSolder",""
"D19","LED_YELLOW","C2296","LED_SMD:LED_0603_1608Metric_Pad1.05x0.95mm_HandSolder",""
"D21","LED_WHITE","C2290","LED_SMD:LED_0603_1608Metric_Pad1.05x0.95mm_HandSolder",""
"D26,D27","BAT54A","C7502690","Package_TO_SOT_SMD:SOT-23","http://www.diodes.com/_files/datasheets/ds11005.pdf"
"D28,D29","BAT54C","C37704","Package_TO_SOT_SMD:SOT-23","http://www.diodes.com/_files/datasheets/ds11005.pdf"
"FB1,FB2,FB8","GZ2012D601TF","C1017","Inductor_SMD:L_0805_2012Metric","https://www.murata.com/en-us/products/productdata/8796738650142/ENFA0003.pdf"
"FB3,FB4,FB5,FB6,FB7,FB9","GZ2012D601TF","C1017","digikey-footprints:0805","https://www.murata.com/en-us/products/productdata/8796738650142/ENFA0003.pdf,https://www.murata.com/en-us/products/productdata/8796738977822/ENFA0005.pdf"
"FL1","MACM9070-701","C2981417","Myfootprints:ACM9070","~"
"H1,H2,H3,H4,H5,H6","MountingHole","-","MountingHole:MountingHole_3.2mm_M3_DIN965_Pad_TopBottom","~"
"H7","MountingHole_Pad_via","-","Mounting_Holes:MountingHole_3.2mm_M3_Pad_Via","~"
"HS1","Heatsink","HAND","MyLibrary:HeatSink_30P61A","~"
"IC1","TAS6424EQDKQRQ1","C4991409","Myfootprints:TAS6424QDKQ56_TEX-L","TAS6424QDKQQ1"
"IC2,U2,U6","TPS5430DDAR","C9864","Package_SO:TI_SO-PowerPAD-8_ThermalVias","http://www.ti.com/lit/ds/symlink/tps5430.pdf"
"IC3","AK5574EN","C2651665","QFN48_AKM","AK5554VN"
"IC4,IC5","OPA1632DR","C86715","Myfootprints:SOIC127P600X175-8N",""
"J1,J2,J4,J5,J7,J23","Screw_Terminal_01x02","HAND","TerminalBlock_Phoenix:TerminalBlock_Phoenix_MKDS-1,5-2-5.08_1x02_P5.08mm_Horizontal","~"
"J3","Barrel_Jack_2DC-G213-D42","HAND","MyLibrary:BarrelJack_2DC-G213-D42","~"
"J6","Conn_Coaxial","HAND","MyJacks:RJ-2410N","~"
"J8","Conn_01x02","HAND","Connector_PinHeader_2.54mm:PinHeader_1x02_P2.54mm_Vertical","~"
"J9","IDC_2x5","HAND","Connector_IDC:IDC-Header_2x05_P2.54mm_Vertical",""
"J10,J20","Conn_01x05,Header_01x06","HAND","Connector_PinHeader_2.54mm:PinHeader_1x06_P2.54mm_Vertical","~"
"J11","Header_01x04","NOP","Connector_PinHeader_2.54mm:PinHeader_1x04_P2.54mm_Vertical","~"
"J12","Header_01x06","HAND","Connector_PinHeader_2.54mm:PinHeader_1x06_P2.54mm_Vertical","~"
"J13","MJ518A/RCJ2123","HAND","MyJacks:MJ-518A","~"
"J14,J15","Molex_MPJ-8004-3P","HAND","Myfootprints:MPJ-8004-3P","~"
"J16","Conn_01x02","HAND","Connector_PinHeader_2.54mm:PinHeader_2x01_P2.54mm_Vertical","~"
"J17","PinHeader_02x02","HAND","Connector_PinHeader_2.54mm:PinHeader_2x02_P2.54mm_Vertical","~"
"J18","Conn_01x04","NOP","Connector_PinSocket_2.54mm:PinSocket_1x04_P2.54mm_Vertical","~"
"J19","OSRB38C9AA","NOP","digikey-footprints:IR_Receiver_TSOP38238","~"
"J21","Conn_01x04","HAND","Connector_PinHeader_2.54mm:PinHeader_1x04_P2.54mm_Vertical","~"
"J22","Conn_01x08","HAND","Connector_PinHeader_2.54mm:PinHeader_1x08_P2.54mm_Vertical","~"
"JP1,JP9","Jumper_NC","-","SolderJumper-2_P1.3mm_Bridged_Pad1.0x1.5mm","~"
"JP2","SolderJumper_3_Bridged12","-","Jumper:SolderJumper-2_P1.3mm_Bridged_RoundedPad1.0x1.5mm","~"
"JP3,JP5","Jumper_NC","-","Jumper:SolderJumper-2_P1.3mm_Bridged_RoundedPad1.0x1.5mm","~"
"JP4,JP8","Jumper_NO,Jumper_NO_Small","-","Jumper:SolderJumper-2_P1.3mm_Open_RoundedPad1.0x1.5mm","~"
"JP6,JP7","SolderJumper_3_Bridged12","-","Jumper:SolderJumper-3_P1.3mm_Bridged12_Pad1.0x1.5mm_NumberLabels","~"
"L1,L2,L3,L4,L13,L14,L15,L16","FXL1350-100-M","C526017","MyLibrary:7G14C47","http://akizukidenshi.com/download/ds/sagamielec/08D-AMP_7G.pdf,https://wmsc.lcsc.com/wmsc/upload/file/pdf/v2/lcsc/2208261700_TAI-TECH-TMPC1004HV-100MG-D_C5139904.pdf"
"L5","SMMS0650-150M","C149585","Inductor_SMD:L_Chilisin_BMRB00060650",""
"L6","FXL0420-4R7-M","C207830","Inductor_SMD:L_TechFuse_SL0420",""
"L7,L11","SWPA6045S101MT","C60633","Inductor_SMD:L_Ferrocore_DLG-0504",""
"L8","SWPA6028S560MT","C96944","Inductor_SMD:L_Taiyo-Yuden_NR-60xx_HandSoldering","6mm x 6mm"
"L9","SMNR5040-220MT","C128694","Inductor_SMD:L_Taiyo-Yuden_NR-60xx_HandSoldering",""
"L10","SMMS0650-220M","C149586","Inductor_SMD:L_Taiyo-Yuden_NR-60xx_HandSoldering",""
"L12","SDFL2012T220KTF","C32375","Inductor_SMD:L_0805_2012Metric_Pad1.05x1.20mm_HandSolder","https://www.murata-ps.com/data/magnetics/kmp_8200c.pdf"
"LOGO1","Logo_Open_Hardware_Small","-","LogoLibrary:LOGO_FREEDSP_600dpi","~"
"MH1","M3","-","MountingHole:MountingHole_3.2mm_M3_Pad_Via","~"
"P1","Conn_02x20_Odd_Even","HAND","Module:Raspberry_Pi_Zero_Socketed_THT_FaceDown_MountingHoles",""
"Q1,Q11","AO3400A","C20917","Package_TO_SOT_SMD:SOT-23","http://www.aosmd.com/pdfs/datasheet/AO3400A.pdf"
"Q2,Q3","MMBT5401","C8326","Package_TO_SOT_SMD:SOT-23","~"
"Q4,Q13","2N7002","C8545","digikey-footprints:SOT-23-3","https://www.onsemi.com/pub/Collateral/NDS7002A-D.PDF"
"Q5,Q8,Q9,Q12","2N7002","C8545","Package_TO_SOT_SMD:SOT-23","https://www.fairchildsemi.com/datasheets/2N/2N7002.pdf"
"Q6","MJD45H11T4","C138783","Package_TO_SOT_SMD:TO-252-2","~"
"Q7","AO3401A","C15127","Package_TO_SOT_SMD:SOT-23","http://docs-emea.rs-online.com/webdocs/104e/0900766b8104e4f0.pdf"
"R1,R6,R9,R59,R61,R65,R88,R93,R100,R101,R164","47R","C23182","Resistor_SMD:R_0603_1608Metric","~"
"R2,R50","4.3k","C23159","Resistor_SMD:R_0603_1608Metric","~"
"R3,R119,R120,R121,R122","1.1k","C22764","Resistor_SMD:R_0603_1608Metric","~"
"R4,R8,R13,R14,R46,R64,R75,R76,R87,R90","2.2k","C4190","Resistor_SMD:R_0603_1608Metric","~"
"R5,R89,R151,R152","NOP","NOP","Resistor_SMD:R_0603_1608Metric","~"
"R7,R15,R24,R29,R39,R40,R79,R82,R83,R84,R85,R86,R103,R165,R166,R167,R173,R174,R175","10k","C25804","Resistor_SMD:R_0603_1608Metric","~"
"R10,R32,R33","330R","C23138","Resistor_SMD:R_0603_1608Metric","~"
"R11,R34,R45,R49,R62,R80,R99","1k","C21190","Resistor_SMD:R_0603_1608Metric","~"
"R12,R21,R26,R30,R42,R43,R95,R107","3.3k","C22978","Resistor_SMD:R_0603_1608Metric","~"
"R16","33k","C4216 ","Resistor_SMD:R_0603_1608Metric","~"
"R18","470K","C23178","Resistor_SMD:R_0603_1608Metric",""
"R19,R53,R104,R110,R111,R123,R124","100k","C25803","Resistor_SMD:R_0603_1608Metric","~"
"R20,R44,R105,R106,R145","1MEG","C22935","Resistor_SMD:R_0603_1608Metric","~"
"R22","0R","C17477","Resistor_SMD:R_0805_2012Metric_Pad1.20x1.40mm_HandSolder","~"
"R23,R163","22k","C31850","Resistor_SMD:R_0603_1608Metric","~"
"R25,R38","29.4k","C22974","Resistor_SMD:R_0603_1608Metric","~"
"R27","5.6k","C23189","Resistor_SMD:R_0603_1608Metric",""
"R28,R41","3.24k","C22994","Resistor_SMD:R_0603_1608Metric",""
"R31","680R","C23228","Resistor_SMD:R_0603_1608Metric","~"
"R35,R77,R118,R135","100R","C22775","Resistor_SMD:R_0603_1608Metric","~"
"R36,R52,R58,R81","150R","C22808","Resistor_SMD:R_0603_1608Metric","~"
"R37,R112,R113,R114,R115","10R","C22859","Resistor_SMD:R_0603_1608Metric","~"
"R47,R78,R108,R109,R150,R184,R185,R186,R187,R188,R189,R190,R191","0R","C21189","Resistor_SMD:R_0603_1608Metric","~"
"R48,R51,R54,R55,R56,R66,R67,R68,R69,R70,R71,R72,R73,R74,R96,R97,R98,R131,R132,R133,R134,R170,R171,R172","33R","C23140","Resistor_SMD:R_0603_1608Metric","~"
"R57,R63","NOP","NOP","Resistor_SMD:R_0402_1005Metric","~"
"R60","1.2k","C22765","Resistor_SMD:R_0603_1608Metric","~"
"R91,R92","NOP","NOP","Resistor_SMD:R_0603_1608Metric","~"
"R94","1.8K","C4177","Resistor_SMD:R_0603_1608Metric",""
"R116,R117","47k","C25819","Resistor_SMD:R_0603_1608Metric","~"
"R125,R126,R127,R128","510R","C23193","Resistor_SMD:R_0603_1608Metric",""
"R129,R130","270R","C22966","Resistor_SMD:R_0603_1608Metric",""
"R136,R137,R138,R139,R140,R141,R142,R143","10R","C25077","Resistor_SMD:R_0402_1005Metric","10R,~"
"R144,R146","22R","C23345","Resistor_SMD:R_0603_1608Metric","~"
"R147,R148","220R","C22962","Resistor_SMD:R_0603_1608Metric","~"
"R149,R153,R154,R160,R161,R162","10k","C25744","Resistor_SMD:R_0402_1005Metric",""
"R155,R156,R157,R158","47R","C25118","Resistor_SMD:R_0402_1005Metric",""
"R159","NOP","NOP","Resistor_SMD:R_0402_1005Metric",""
"R176,R177,R178,R179,R180,R181,R182,R183","75R","C4275","Resistor_SMD:R_0603_1608Metric","10R,~"
"RV1,RV2","B10K","HAND","MyLibrary:Potentiometer_Trimmer_Bourns_3339P_Horizontal",""
"RV3,RV4","SDV1608E5R5C180NPTF","C98320","OPL_Capacitor:C0603","~"
"SW1","SW_SPDT_MSM","HAND","Myfootprints:2MS1T1B4M7QES","~"
"SW2,SW3,SW4,SW5,SW8","DSP_RES,SW_Push","HAND","Button_Switch_THT:SW_Tactile_SPST_Angled_PTS645Vx83-2LFS","~"
"SW6","SW_PUSH","HAND","Button_Switch_THT:SW_PUSH_6mm_H4.3mm","~"
"SW7","EN11-HSB1AF15","HAND","Myfootprints:RotaryEncoder_TT-Ele_EN11-HSB1AF15","~"
"T1","PE-65612NL","HAND","MyLibrary:PE65612NL","https://componentsearchengine.com/Datasheets/1/PE-65612NL.pdf"
"TP1,TP2,TP3","TestPoint_GND,TestPoint_GNDA","-","TestPoint:TestPoint_THTPad_2.0x2.0mm_Drill1.0mm","~"
"TP4","TEST_MP12","-","TestPoint:TestPoint_Pad_D1.0mm",""
"U1","GP1UXC41QS","HAND","digikey-footprints:IR_Receiver_TSOP38238","http://www.vishay.com/docs/82491/tsop382.pdf"
"U3","LM2611AMFX","C2072505","Package_TO_SOT_SMD:SOT-23-5","https://www.ti.com/lit/ds/symlink/lm2611.pdf"
"U4,U5","LM317AG-TN3-R","C77880","Package_TO_SOT_SMD:TO-252-2","https://datasheet.lcsc.com/lcsc/2304140030_UTC-Unisonic-Tech-LM317AG-TN3-R_C75510.pdf"
"U7","PLR135-T10","HAND","MyLibrary:PLR135-T10",""
"U8","74LVC1G86","C73458","Package_TO_SOT_SMD:SOT-23-5_HandSoldering","http://www.ti.com/lit/sg/scyt129e/scyt129e.pdf"
"U9","74LVC1G04","C434067","digikey-footprints:SOT-753","http://www.ti.com/lit/ds/symlink/sn74lvc1g04.pdf"
"U10","74LVC1G04M5/TR","C3007927","digikey-footprints:SOT-753","http://www.ti.com/lit/ds/symlink/sn74lvc1g04.pdf"
"U11","ADAU1466","C654414","Myfootprints:LFCSP-72-1EP_10x10mm_P0.5mm_EP5.3x5.3mmL_HandSolder",""
"U12","PLT133-T10W","HAND","MyLibrary:PLT133-T10W",""
"U13","25AA1024(512)","C219767","Package_SO:SOIC-8_3.9x4.9mm_P1.27mm","http://ww1.microchip.com/downloads/en/DeviceDoc/21832H.pdf"
"U14","XIAO_RP2040","-","Myfootprints:XIAO_RP2040","https://nw-electric.way-nifty.com/blog/files/usb_sound_card28fix_feedback_mclk_led29.uf2"
"U15,U16","OPA1612AIDR","C94590","Myfootprints:SOIC127P600X175-8N","http://www.ti.com/lit/ds/symlink/opa1612.pdf"
"U17","OSL40391-IX","HAND","Display_7Segment:LTC-4627Jx","https://akizukidenshi.com/goodsaffix/OSL40391-XX.PDF"
"U18","PIC16F1938-I/SP","HAND","Package_DIP:DIP-28_W7.62mm",""
"Y1","OT322524.576MJBA4S","C2831388","Crystals:Crystal_SMD_TXC_7M-4pin_3.2x2.5mm_HandSoldering","http://www.kyocera.co.jp/prdct/electro/pdf/clock_k_j.pdf"
"Z1","LOGO","-","LogoLibrary:SigmaDSP-LogoSmall",""
"Z2","LOGO","-","LogoLibrary:AmaneroLogo",""
"Z3","LOGO","-","LogoLibrary:RasPiLogoSmall",""
